{
  "resample.py": 1776624810.609931,
  "demo_results.py": 1776624810.4688666,
  "layer2_main.py": 1776624810.468966,
  "pipeline.py": 1776624810.6097596,
  "main.py": 1776624810.4690635,
  "src/validator.py": 1776624810.610691,
  "src/models.py": 1776624810.6105072,
  "src/speech_recognizer.py": 1776624810.6106374,
  "src/__init__.py": 1776624810.6100729,
  "src/audio_processor.py": 1776624810.6102693,
  "src/metadata_extractor.py": 1776624810.6104562,
  "src/signal_processor.py": 1776624810.6105824,
  "src/layer2_models.py": 1776624810.610344,
  "src/layer2_processor.py": 1776624810.6104012,
  "requirements.txt": 1776624810.6098118,
  "requirements_layer2.txt": 1776624810.6098719,
  "README.md": 1776624810.4671886
}